{
  "A fresh verification link has been sent to your email address.": "تم إرسال رابط تحقق جديد إلى عنوان بريدك الإلكتروني.",
  "All rights reserved.": "جميع الحقوق محفوظة.",
  "Before proceeding, please check your email for a verification link.": "قبل المتابعة، يرجى التحقق من بريدك الإلكتروني عن رابط التحقق.",
  "click here to request another": "انقر هنا لطلب آخر",
  "Confirm Password": "تأكيد كلمة المرور",
  "E-Mail Address": "البريد الالكتروني",
  "Forbidden": "محظور",
  "Forgot Your Password?": "نسيت كلمة المرور؟",
  "Go Home": "الرئيسية",
  "Hello!": "أهلاً بك!",
  "If you did not create an account, no further action is required.": "إذا لم تقم بإنشاء حساب ، فلا يلزم اتخاذ أي إجراء آخر.",
  "If you did not receive the email": "إذا لم تستلم البريد الإلكتروني",
  "If you did not request a password reset, no further action is required.": "إذا لم تقم بطلب استعادة كلمة المرور، لا تحتاج القيام بأي إجراء.",
  "If you’re having trouble clicking the \":actionText\" button, copy and paste the URL below\ninto your web browser: [:actionURL](:actionURL)": "إذا كنت تواجه مشكلة في النقر على الزر \":actionText \"، يمكنك نسخ عنوان URL أدناه\n وألصقه في متصفح الويب: [:actionURL](:actionURL)",
  "Invalid signature.": "التوقيع غير سليم.",
  "Login": "تسجيل الدخول",
  "Logout": "تسجيل الخروج",
  "Name": "الاسم",
  "Not Found": "غير متوفر",
  "Oh no": "انتبه",
  "Page Expired": "الصفحة منتهية الصلاحية",
  "Password": "كلمة المرور",
  "Please click the button below to verify your email address.": "يرجى النقر على الزر أدناه للتحقق من عنوان بريدك الإلكتروني.",
  "Regards": "مع التحية",
  "Register": "تسجيل",
  "Remember Me": "تذكرني",
  "Reset Password": "استعادة كلمة المرور",
  "Reset Password Notification": "تنبيه استعادة كلمة المرور",
  "Send Password Reset Link": "أرسل رابط استعادة كلمة المرور",
  "Server Error": "خطأ في الإستضافة",
  "Service Unavailable": "الخدمة غير متوفرة",
  "This action is unauthorized.": "عملية غير مصرّح بها.",
  "This password reset link will expire in :count minutes.": "ستنتهي صلاحية رابط استعادة كلمة المرور خلال :count دقيقة.",
  "Toggle navigation": "إظهار/إخفاء القائمة",
  "Too Many Attempts.": "عدد كبير من المحاولات.",
  "Too Many Requests": "طلبات كثيرة جدًا",
  "Unauthorized": "غير مصرّح",
  "Verify Email Address": "التحقق من عنوان البريد الإلكتروني",
  "Verify Your Email Address": "تحقق من عنوان البريد الإلكتروني الخاص بك",
  "You are receiving this email because we received a password reset request for your account.": "لقد استلمت هذا الإيميل لأننا استقبلنا طلباً لاستعادة كلمة مرور حسابك.",
  "Your email address is not verified.": "بريدك الإلكتروني غير موثّق.",
  "Whoops!": "عذراً!"
}
