{
  "A fresh verification link has been sent to your email address.": "Құпия сөзді қалпына келтіру сілтемесі сіздің email мекенжайыңызға жіберілді.",
  "All rights reserved.": "Барлық құқықтар қорғалған.",
  "Before proceeding, please check your email for a verification link.": "Жалғастырмас бұрын, электрондық поштадағы растау сілтемесін тексеріңіз.",
  "click here to request another": "қайта сұрау үшін мұнда басыңыз",
  "Confirm Password": "Құпиясөзді растау",
  "E-Mail Address": "E-Mail мекенжайы",
  "Error": "Қате",
  "Forbidden": "Тыйым салынған",
  "Forgot Your Password?": "Құпиясөзді ұмыттыңыз ба?",
  "Go Home": "Үйге",
  "Hello!": "Сәлеметсіз бе!",
  "hi": "сәлем",
  "If you did not create an account, no further action is required.": "Егер сіз тіркелгі жасамаған болсаңыз, онда ешқандай қосымша әрекет қажет емес.",
  "If you did not receive the email": "Егер сіз хат алмасаңыз",
  "If you did not request a password reset, no further action is required.": "Егер сіз құпиясөзді қалпына келтіруді сұрамасаңыз, онда ешқандай қосымша әрекет қажет емес.",
  "If you’re having trouble clicking the \":actionText\" button, copy and paste the URL below\ninto your web browser: [:actionURL](:actionURL)": "Егер сізде \":actionText\" батырмасын басу кезінде ақаулықтар туындаса,\n мекенжайды көшіріңіз де, браузердің мекенжай жолына салыңыз: [:actionURL](:actionURL)",
  "Login": "Кіру",
  "Logout": "Шығу",
  "Name": "Аты",
  "Oh no": "О жоқ",
  "Page Expired": "Бет ескірген",
  "Page Not Found": "Бет табылған жоқ",
  "Password": "Құпиясөз",
  "Please click the button below to verify your email address.": "E-mail мекенжайыңызды растау үшін төмендегі батырманы басыңыз.",
  "Regards": "Құрметпен",
  "Register": "Тіркеу",
  "Remember Me": "Мені есте сақтау",
  "Reset Password": "Құпиясөзді қалпына келтіру",
  "Reset Password Notification": "Құпиясөзді қалпына келтіру туралы хабарландыру",
  "Send Password Reset Link": "Құпиясөзді қалпына келтіру сілтемесін жіберу",
  "Service Unavailable": "Қызмет қолжетімсіз",
  "Sorry, the page you are looking for could not be found.": "Кешіріңіз, сіз іздеген бет табылмады.",
  "Sorry, you are forbidden from accessing this page.": "Кешіріңіз, бұл бетті қолдануға рұқсат жоқ.",
  "Sorry, you are making too many requests to our servers.": "Кешіріңіз, сіз біздің серверлерге тым көп сұраныс жасайсыз.",
  "Sorry, you are not authorized to access this page.": "Кешіріңіз, сізге осы бетке кіруге болмайды.",
  "Sorry, your session has expired. Please refresh and try again.": "Кешіріңіз, сессия мерзімі аяқталды. Әрекетті жаңартып, қайталаңыз.",
  "Sorry, we are doing some maintenance. Please check back soon.": "Кешіріңіз, біз кейбір жұмыстар жасап жатырмыз. Кейінірек кіріңіз.",
  "This password reset link will expire in :count minutes.": "Құпия сөзді қалпына келтіру сілтемесінің қолданылу мерзімі :count минуттан кейін аяқталады.",
  "Toggle navigation": "Навигацияны ауыстыру",
  "Too Many Requests": "Тым көп сұраулар",
  "Unauthorized": "Авторизацияланған жоқ",
  "Verify Email Address": "Email мекенжайды растау",
  "Verify Your Email Address": "Email мекенжайыңызды растаңыз",
  "You are receiving this email because we received a password reset request for your account.": "Тіркелгіңізге құпия сөзді қалпына келтіру туралы сұрау келіп түскесін, сіз бұл хатты алдыңыз.",
  "Whoops!": "Ойбай!",
  "Whoops, something went wrong on our servers.": "Ойбай, біздің серверлерде бірдеңе дұрыс емес."
}
