{
  "A fresh verification link has been sent to your email address.": "Patvirtinimo nuoroda buvo išsiųsta į jūsų el. paštą",
  "All rights reserved.": "Visos teisės saugomos.",
  "Before proceeding, please check your email for a verification link.": "Prieš tęsdami, patikrinkite savo el. pašto dežutę, ar nėra patvirtinimo nuorodos.",
  "click here to request another": "spauskite čia, kad gauti kitą",
  "Confirm Password": "Pakartokite slaptažodį",
  "E-Mail Address": "El. pašto adresas",
  "Error": "Klaida",
  "Forbidden": "Draudžiama",
  "Forgot Your Password?": "Pamiršote slaptažodį?",
  "Go Home": "Eiti į pradinį puslapį",
  "Hello!": "Sveiki!",
  "hi": "labas",
  "If you did not create an account, no further action is required.": "Jeigu paskyrą kūrėte ne jūs, papildomų veiksmų atlikti nereikia.",
  "If you did not receive the email": "Jei negavote el. laiško",
  "If you did not request a password reset, no further action is required.": "Jeigu neprašėte atstatyti slaptažodį, jokių veiksmų atlikti nereikia.",
  "If you’re having trouble clicking the \":actionText\" button, copy and paste the URL below\ninto your web browser: [:actionURL](:actionURL)": "Jeigu nepavyksta paspausti \":actionText\" mygtuko, nukopijuokite ir įklijuokite nuorodą, kuri pateikta žemiau,\nį savo naršyklę: [:actionURL](:actionURL)",
  "Login": "Prisijungti",
  "Logout": "Atsijungti",
  "Name": "Vardas",
  "Oh no": "O ne",
  "Page Expired": "Galiojimo laikas pasibaigė",
  "Page Not Found": "Puslapis nerastas",
  "Password": "Slaptažodis",
  "Please click the button below to verify your email address.": "Spauskite mygtuką žemiau, norėdami patvirtinti savo el. pašto adresą.",
  "Regards": "Pagarbiai",
  "Register": "Registruotis",
  "Remember Me": "Atsiminti",
  "Reset Password": "Slaptažodžio atstatymas",
  "Reset Password Notification": "Slaptažodžio atstatymo pranešimas",
  "Send Password Reset Link": "Siųsti slaptažodžio atstatymo nuorodą",
  "Service Unavailable": "Paslauga negalima",
  "Sorry, the page you are looking for could not be found.": "Atsiprašome, puslapis, kurio jūs ieškotie, neegzistuoja.",
  "Sorry, you are forbidden from accessing this page.": "Atsiprašome, jūs negalite pasiekti šio puslapio",
  "Sorry, you are making too many requests to our servers.": "Atsiprašome, jūs siunčiate per daug užklausų į mūsų serverius.",
  "Sorry, you are not authorized to access this page.": "Atsiprašome, jūs neturite leidimo pasiekti šį puslapį.",
  "Sorry, your session has expired. Please refresh and try again.": "Atsiprašome, sesijos galiojimo laikas pasibaigė. Perkraukite puslapį ir bandykite dar kartą.",
  "Sorry, we are doing some maintenance. Please check back soon.": "Atsiprašome, dabar vyksta tinklalapio tvarkymo darbai. Patikrinkite tinklalapį vėliau",
  "This password reset link will expire in :count minutes.": "Ši slaptažodžio nustatymo nuoroda galios :count min.",
  "Toggle navigation": "Perjungti navigaciją",
  "Too Many Requests": "Per daug užklausų",
  "Unauthorized": "Neturite leidimo",
  "Verify Email Address": "El. pašto adreso patvirtinimas",  
  "Verify Your Email Address": "Patvirtinkite savo el. pašto adresą",
  "You are receiving this email because we received a password reset request for your account.": "Jūs gavote šį el. laišką, nes buvo išsiųsta jūsų paskyros slaptažodžio atstatymo užklausa.",
  "Whoops!": "Ups!",
  "Whoops, something went wrong on our servers.": "Ups, įvyko klaida."
}