{
  "A fresh verification link has been sent to your email address.": "Er is een nieuwe verificatielink naar je e-mailadres verstuurd.",
  "All rights reserved.": "Alle rechten voorbehouden.",
  "Before proceeding, please check your email for a verification link.": "Om verder te gaan, check je e-mail voor een verficatielink.",
  "click here to request another": "vraag hier een andere aan",
  "Confirm Password": "Bevestig wachtwoord",
  "E-Mail Address": "E-mailadres",
  "Error": "Fout",
  "Forbidden": "Geen toegang",
  "Forgot Your Password?": "Wachtwoord vergeten?",
  "Go Home": "Terug naar de voorpagina",
  "Hello!": "Hallo!",
  "hi": "hallo",
  "If you did not create an account, no further action is required.": "Als je geen account hebt aangemaakt hoef je verder niets te doen.",
  "If you did not receive the email": "Als je de e-mail niet hebt ontvangen:",
  "If you did not request a password reset, no further action is required.": "Als je geen wachtwoordherstel hebt aangevraagd hoef je verder niets te doen",
  "If you’re having trouble clicking the \":actionText\" button, copy and paste the URL below\ninto your web browser: [:actionURL](:actionURL)": "Als je problemen hebt met de \":actionText\" knop, kopieer en plak de URL hieronder\nin je webbrowser: [:actionURL](:actionURL)",
  "Login": "Inloggen",
  "Logout": "Uitloggen",
  "Name": "Naam",
  "Oh no": "Oh nee",
  "Page Expired": "Pagina niet meer geldig",
  "Page Not Found": "Pagina niet gevonden",
  "Password": "Wachtwoord",
  "Please click the button below to verify your email address.": "Klik op de knop hieronder om je e-mailadres te verifiëren.",
  "Regards": "Met vriendelijke groet",
  "Register": "Registreren",
  "Remember Me": "Onthoud mij",
  "Reset Password": "Wachtwoord herstellen",
  "Reset Password Notification": "Wachtwoordherstel notificatie",
  "Send Password Reset Link": "Verstuur link voor wachtwoordherstel",
  "Service Unavailable": "Website onbeschikbaar",
  "Sorry, the page you are looking for could not be found.": "Sorry, deze pagina kon niet gevonden worden.",
  "Sorry, you are forbidden from accessing this page.": "Sorry, je mag deze pagina niet opvragen.",
  "Sorry, you are making too many requests to our servers.": "Sorry, je doet teveel aanvragen naar onze servers.",
  "Sorry, you are not authorized to access this page.": "Sorry, je hebt geen toegang tot deze pagina.",
  "Sorry, your session has expired. Please refresh and try again.": "Sorry, je sessie is verlopen. Herlaad de pagina en probeer het opnieuw.",
  "Sorry, we are doing some maintenance. Please check back soon.": "Sorry, we zijn op dit moment bezig met onderhoud. Probeer het straks nog eens.",
  "This password reset link will expire in :count minutes.": "Deze link om je wachtwoord te herstellen verloopt over :count minuten.",
  "Toggle navigation": "Schakel navigatie",
  "Too Many Requests": "Te veel serververzoeken",
  "Unauthorized": "Onbevoegd",
  "Verify Email Address": "Verifieer e-mailadres",
  "Verify Your Email Address": "Verifieer je e-mailadres",
  "You are receiving this email because we received a password reset request for your account.": "Je ontvangt deze e-mail omdat we een wachtwoordherstel verzoek hebben ontvangen voor je account.",
  "Whoops!": "Oeps!",
  "Whoops, something went wrong on our servers.": "Oeps, er ging iets fout op onze servers.",
  "This action is unauthorized.": "Deze actie is niet toegestaan."
}
