{
  "Confirm Password": "Parola Onayı",
  "E-Mail Address": "E-posta Adresi",
  "Forgot Your Password?": "Parolanızı mı Unuttunuz?",
  "If you did not request a password reset, no further action is required.": "Parola talebinde bulunmadıysanız, bu mesajı güvenle silebilirsiniz.",
  "Login": "Giriş",
  "Logout": "Çıkış",
  "Name": "İsim",
  "Password": "Parola",
  "Register": "Kayıt Ol",
  "Remember Me": "Beni Hatırla",
  "Reset Password": "Parola Sıfırlama",
  "Reset Password Notification": "Parola Unuttum Bildirimi",
  "Send Password Reset Link": "Parola Unuttum Bildirimi Gönder",
  "You are receiving this email because we received a password reset request for your account.": "Parola unuttuğunuzu belirttiğiniz için bu sıfırlama mesajı gönderilmiştir."
}
